file_id,種別,パス,ファイル名,名前乖離,旧版/重複,内容の要点（ゴールド記述）,備考
A001,docx,共有/企画部/会議/新しいMicrosoft Word 文書 (3).docx,新しいMicrosoft Word 文書 (3).docx,あり,,定例会議議事録。佐藤がセンサー納期6月末と報告、追加予算120万円承認,
A002,docx,share_old/bk/20260512_mtg.docx,20260512_mtg.docx,あり,,障害レビュー議事録。原因は証明書期限切れ、停止42分、監視二段階化を決定,
A003,docx,共有/営業部/A案件_鈴木/最終版_v2(コピー).docx,最終版_v2(コピー).docx,あり,,アオバ物流向け営業戦略。9月コンペ・競合2社・保守体制を訴求,
A004,docx,共有/総務部/委員会/安全衛生委員会議事録_2026年6月.docx,安全衛生委員会議事録_2026年6月.docx,なし,,安全衛生委員会。倉庫B照度不足→9月までにLED交換、ヒヤリハット3件,
A005,docx,共有/情報システム/検討会/システム更改検討会_第2回.docx,システム更改検討会_第2回.docx,なし,,FS更改検討。2027年3月保守切れ、リプレース480万円、退避案を検討,
A006,pptx,プロジェクト/PJ-AQUA/資料/資料.pptx,資料.pptx,あり,,AQUAFLOW企画。水質センサー+クラウド監視、月額モデル、初年度目標8000万円,
A007,pptx,プロジェクト/TSUBAME/TSUBAME_提案_アオバ物流様.pptx,TSUBAME_提案_アオバ物流様.pptx,なし,,TSUBAME提案。配送ルートAI最適化、燃料費12%削減見込み,
A008,pptx,共有/人事/研修/新人研修制度企画_2027年度.pptx,新人研修制度企画_2027年度.pptx,なし,,新人研修企画。メンター手当月5000円、OJT計画書を四半期レビュー,
A009,pptx,共有/企画部/展示会/幕張展示会_出展計画_2026.pptx,幕張展示会_出展計画_2026.pptx,なし,,展示会計画。11月幕張、デモ機2台、説明員4名シフト,
A010,pptx,共有/総務部/環境/環境施策ロードマップ.pptx,環境施策ロードマップ.pptx,なし,,環境施策。2030年CO2を30%削減、太陽光パネル検討,
A011,pdf,開発/KODAMA/kodama_api_v0.9_draft_old.pdf,kodama_api_v0.9_draft_old.pdf,あり,,KODAMA API仕様。トークン認証、上限5GB、レート制限60req/分(最終セクション),
A012,pdf,共有/情報システム/手順書/バックアップ運用手順書.pdf,バックアップ運用手順書.pdf,なし,,バックアップ手順。日次差分/週次フル、保存90日(2章)、責任者高橋,
A013,pdf,共有/総務部/規程/入退室管理規程.pdf,入退室管理規程.pdf,なし,,入退室規程。来訪者は記帳、機械室は二重認証(3章),
A014,pdf,共有/経理/マニュアル/経費精算マニュアル_2026年版.pdf,経費精算マニュアル_2026年版.pdf,なし,,経費マニュアル。締め毎月5日、5万円超は事前申請(3章),
A015,pdf,撮影素材管理/機材/撮影機材取扱手順.pdf,撮影機材取扱手順.pdf,なし,,機材手順。持出は台帳記入、バッテリーは50%保管(2章),
A016,pdf,共有/広報/ブランドガイドライン_v3.pdf,ブランドガイドライン_v3.pdf,なし,,ブランドガイド。ロゴ最小24px(1章)、深緑#1B4D3E,
A017,pdf,共有/総務部/BCP/災害対応手順書_BCP.pdf,災害対応手順書_BCP.pdf,なし,,BCP。安否確認3時間以内、代替拠点は札幌支店(2章),
A018,pdf,共有/総務部/規程/個人情報取扱規程.pdf,個人情報取扱規程.pdf,なし,,個人情報規程。開示請求2週間以内(2章)、委託先監査年1回,
A019,docx,共有/企画部/調査/ドローン点検市場調査報告_2026.docx,ドローン点検市場調査報告_2026.docx,なし,,ドローン市場調査。2030年1200億円予測、橋梁点検が最大用途,
A020,docx,共有/営業部/調査/顧客満足度調査_2026上期_報告.docx,顧客満足度調査_2026上期_報告.docx,なし,,顧客満足度調査。NPS+12、不満最多は回答の遅さ、改善案3点,
A021,docx,共有/情報システム/インシデント/インシデント報告_20260603.docx,インシデント報告_20260603.docx,なし,,誤送信インシデント。6/3見積書誤送信、URL無効化で対応、宛先二重確認をルール化,
A022,docx,共有/品質保証/監査/工場監査報告_ミカド精機_2026.docx,工場監査報告_ミカド精機_2026.docx,なし,,ミカド精機監査。評価B、是正2件(校正期限切れ・施錠記録漏れ),
A023,docx,プロジェクト/TSUBAME/実証実験/TSUBAME実証実験_結果報告.docx,TSUBAME実証実験_結果報告.docx,なし,,TSUBAME実証結果。燃料費9.8%削減、雨天時の精度低下が課題,
A024,docx,田中さん引継/デスクトップ/伊藤引継メモ.docx,伊藤引継メモ.docx,なし,,伊藤引継書。アオバ物流窓口は小林様、契約更新は毎年10月,
A025,xlsx,共有/経理/予算/予算管理表_2026年度.xlsx,予算管理表_2026年度.xlsx,なし,,予算管理表。企画部の下期残420万円,
A026,xlsx,撮影素材管理/機材/機材台帳.xlsx,機材台帳.xlsx,なし,,機材台帳。カメラ12台・ドローン3台、EOS-R5はXR-1102、次回点検2026-10,
A027,xlsx,共有/営業部/顧客リスト_模擬.xlsx,顧客リスト_模擬.xlsx,なし,,顧客リスト24社想定の抜粋。ランクA=アオバ物流・ミカド精機,
A028,xlsx,プロジェクト/PJ-AQUA/工程表_PJAQUA.xlsx,工程表_PJAQUA.xlsx,なし,,PJ-AQUA工程。β9月・量産判定12月,
A029,xlsx,倉庫B関連/在庫/在庫一覧_倉庫B_最新.xlsx,在庫一覧_倉庫B_最新.xlsx,なし,,倉庫B在庫。センサーユニット280、発注点200,
A030,xlsx,共有/経理/経費/経費集計_2026上期.xlsx,経費集計_2026上期.xlsx,なし,,経費集計。交通費合計182万円、最多は営業部78万円,
A031,pdf,契約書/2026/業務委託基本契約_アオバ物流_模擬.pdf,業務委託基本契約_アオバ物流_模擬.pdf,なし,,アオバ物流基本契約。月末締め翌月末払い(2章)、1年自動更新、再委託は事前承諾(4章),
A032,pdf,契約書/2026/秘密保持契約_ミカド精機_模擬.pdf,秘密保持契約_ミカド精機_模擬.pdf,なし,,ミカド精機NDA。有効期間5年(3章),
A033,pdf,契約書/2026/保守契約_トチノキ設計_模擬.pdf,保守契約_トチノキ設計_模擬.pdf,なし,,トチノキ設計保守契約。平日9-18時、初動4時間(2章),
A034,pdf,契約書/2026/倉庫B賃貸借契約_模擬.pdf,倉庫B賃貸借契約_模擬.pdf,なし,,倉庫B賃貸借。月額48万円(2章)、2028年3月まで,
A035,pptx,共有/情報システム/検討会/動画配信基盤更改_比較3案.pptx,動画配信基盤更改_比較3案.pptx,なし,,配信基盤更改3案比較。保守2027年9月まで、案3ハイブリッド推奨,
A036,docx,田中さん引継/デスクトップ/伊藤PC棚卸しメモ.docx,伊藤PC棚卸しメモ.docx,なし,,退職者PC棚卸し。未整理47件回収、整理期限8月末,
A037,pdf,共有/品質保証/基準書/品質検査基準書_ミカド精機向け.pdf,品質検査基準書_ミカド精機向け.pdf,なし,,ミカド精機向け検査基準。AQL1.0(2章),
A038,docx,共有/経理/会議/予算会議議事録_2026年7月.docx,予算会議議事録_2026年7月.docx,なし,,予算会議。広告費200万円増額、展示会は現状維持,
D001,docx,共有/週報/営業部/週報_営業部_2026年5月_第1週.docx,週報_営業部_2026年5月_第1週.docx,なし,,週報（定型・特記なし）,ノイズ
D002,docx,共有/週報/営業部/週報_営業部_2026年5月_第2週.docx,週報_営業部_2026年5月_第2週.docx,なし,,週報（定型・特記なし）,ノイズ
D003,docx,共有/週報/営業部/週報_営業部_2026年5月_第3週.docx,週報_営業部_2026年5月_第3週.docx,なし,,週報（定型・特記なし）,ノイズ
D004,docx,共有/週報/営業部/週報_営業部_2026年5月_第4週.docx,週報_営業部_2026年5月_第4週.docx,なし,,週報（定型・特記なし）,ノイズ
D005,docx,共有/週報/営業部/週報_営業部_2026年6月_第1週.docx,週報_営業部_2026年6月_第1週.docx,なし,,週報（定型・特記なし）,ノイズ
D006,docx,共有/週報/営業部/週報_営業部_2026年6月_第2週.docx,週報_営業部_2026年6月_第2週.docx,なし,,週報（定型・特記なし）,ノイズ
D007,docx,共有/週報/企画部/週報_企画部_2026年5月_第1週.docx,週報_企画部_2026年5月_第1週.docx,なし,,週報（定型・特記なし）,ノイズ
D008,docx,共有/週報/企画部/週報_企画部_2026年5月_第2週.docx,週報_企画部_2026年5月_第2週.docx,なし,,週報（定型・特記なし）,ノイズ
D009,docx,共有/週報/企画部/週報_企画部_2026年5月_第3週.docx,週報_企画部_2026年5月_第3週.docx,なし,,週報（定型・特記なし）,ノイズ
D010,docx,共有/週報/企画部/週報_企画部_2026年5月_第4週.docx,週報_企画部_2026年5月_第4週.docx,なし,,週報（定型・特記なし）,ノイズ
D011,docx,共有/週報/企画部/週報_企画部_2026年6月_第1週.docx,週報_企画部_2026年6月_第1週.docx,なし,,週報（定型・特記なし）,ノイズ
D012,docx,共有/週報/企画部/週報_企画部_2026年6月_第2週.docx,週報_企画部_2026年6月_第2週.docx,なし,,週報（定型・特記なし）,ノイズ
D013,docx,共有/週報/開発部/週報_開発部_2026年5月_第1週.docx,週報_開発部_2026年5月_第1週.docx,なし,,週報（定型・特記なし）,ノイズ
D014,docx,共有/週報/開発部/週報_開発部_2026年5月_第2週.docx,週報_開発部_2026年5月_第2週.docx,なし,,週報（定型・特記なし）,ノイズ
D015,docx,共有/週報/開発部/週報_開発部_2026年5月_第3週.docx,週報_開発部_2026年5月_第3週.docx,なし,,週報（定型・特記なし）,ノイズ
D016,docx,共有/週報/開発部/週報_開発部_2026年5月_第4週.docx,週報_開発部_2026年5月_第4週.docx,なし,,週報（定型・特記なし）,ノイズ
D017,docx,共有/週報/開発部/週報_開発部_2026年6月_第1週.docx,週報_開発部_2026年6月_第1週.docx,なし,,週報（定型・特記なし）,ノイズ
D018,docx,共有/週報/開発部/週報_開発部_2026年6月_第2週.docx,週報_開発部_2026年6月_第2週.docx,なし,,週報（定型・特記なし）,ノイズ
D019,docx,共有/週報/総務部/週報_総務部_2026年5月_第1週.docx,週報_総務部_2026年5月_第1週.docx,なし,,週報（定型・特記なし）,ノイズ
D020,docx,共有/週報/総務部/週報_総務部_2026年5月_第2週.docx,週報_総務部_2026年5月_第2週.docx,なし,,週報（定型・特記なし）,ノイズ
D021,docx,共有/週報/総務部/週報_総務部_2026年5月_第3週.docx,週報_総務部_2026年5月_第3週.docx,なし,,週報（定型・特記なし）,ノイズ
D022,docx,共有/週報/総務部/週報_総務部_2026年5月_第4週.docx,週報_総務部_2026年5月_第4週.docx,なし,,週報（定型・特記なし）,ノイズ
D023,docx,共有/週報/総務部/週報_総務部_2026年6月_第1週.docx,週報_総務部_2026年6月_第1週.docx,なし,,週報（定型・特記なし）,ノイズ
D024,docx,共有/週報/総務部/週報_総務部_2026年6月_第2週.docx,週報_総務部_2026年6月_第2週.docx,なし,,週報（定型・特記なし）,ノイズ
D025,pdf,共有/経理/請求書/2026/20260105_請求書.pdf,20260105_請求書.pdf,なし,,1月分請求書（模擬・定型）,ノイズ
D026,pdf,共有/経理/請求書/2026/20260205_請求書.pdf,20260205_請求書.pdf,なし,,2月分請求書（模擬・定型）,ノイズ
D027,pdf,共有/経理/請求書/2026/スキャン_0003.pdf,スキャン_0003.pdf,あり,,3月分請求書（模擬・定型）,ノイズ
D028,pdf,共有/経理/請求書/2026/20260405_請求書.pdf,20260405_請求書.pdf,なし,,4月分請求書（模擬・定型）,ノイズ
D029,pdf,共有/経理/請求書/2026/20260505_請求書.pdf,20260505_請求書.pdf,なし,,5月分請求書（模擬・定型）,ノイズ
D030,pdf,共有/経理/請求書/2026/スキャン_0006.pdf,スキャン_0006.pdf,あり,,6月分請求書（模擬・定型）,ノイズ
D031,pdf,共有/経理/請求書/2026/20260705_請求書.pdf,20260705_請求書.pdf,なし,,7月分請求書（模擬・定型）,ノイズ
D032,pdf,共有/経理/請求書/2026/20260805_請求書.pdf,20260805_請求書.pdf,なし,,8月分請求書（模擬・定型）,ノイズ
D033,pdf,共有/経理/請求書/2026/スキャン_0009.pdf,スキャン_0009.pdf,あり,,9月分請求書（模擬・定型）,ノイズ
D034,pdf,共有/経理/請求書/2026/20261005_請求書.pdf,20261005_請求書.pdf,なし,,10月分請求書（模擬・定型）,ノイズ
D035,pdf,共有/経理/請求書/2026/20261105_請求書.pdf,20261105_請求書.pdf,なし,,11月分請求書（模擬・定型）,ノイズ
D036,pdf,共有/経理/請求書/2026/スキャン_0012.pdf,スキャン_0012.pdf,あり,,12月分請求書（模擬・定型）,ノイズ
D037,docx,共有/企画部/会議/アジェンダ/会議アジェンダ_01.docx,会議アジェンダ_01.docx,なし,,アジェンダ（定型）,ノイズ
D038,docx,共有/企画部/会議/アジェンダ/会議アジェンダ_02.docx,会議アジェンダ_02.docx,なし,,アジェンダ（定型）,ノイズ
D039,docx,共有/企画部/会議/アジェンダ/会議アジェンダ_03.docx,会議アジェンダ_03.docx,なし,,アジェンダ（定型）,ノイズ
D040,docx,共有/企画部/会議/アジェンダ/会議アジェンダ_04.docx,会議アジェンダ_04.docx,なし,,アジェンダ（定型）,ノイズ
D041,docx,共有/企画部/会議/アジェンダ/会議アジェンダ_05.docx,会議アジェンダ_05.docx,なし,,アジェンダ（定型）,ノイズ
D042,docx,共有/企画部/会議/アジェンダ/会議アジェンダ_06.docx,会議アジェンダ_06.docx,なし,,アジェンダ（定型）,ノイズ
D043,docx,共有/企画部/会議/アジェンダ/会議アジェンダ_07.docx,会議アジェンダ_07.docx,なし,,アジェンダ（定型）,ノイズ
D044,docx,共有/企画部/会議/アジェンダ/会議アジェンダ_08.docx,会議アジェンダ_08.docx,なし,,アジェンダ（定型）,ノイズ
D045,docx,共有/企画部/会議/アジェンダ/会議アジェンダ_09.docx,会議アジェンダ_09.docx,なし,,アジェンダ（定型）,ノイズ
D046,docx,共有/企画部/会議/アジェンダ/会議アジェンダ_10.docx,会議アジェンダ_10.docx,なし,,アジェンダ（定型）,ノイズ
D047,xlsx,倉庫B関連/在庫/旧/在庫スナップショット_202601.xlsx,在庫スナップショット_202601.xlsx,なし,旧版,月次在庫スナップショット,ノイズ
D048,xlsx,倉庫B関連/在庫/旧/在庫スナップショット_202602.xlsx,在庫スナップショット_202602.xlsx,なし,旧版,月次在庫スナップショット,ノイズ
D049,xlsx,倉庫B関連/在庫/旧/在庫スナップショット_202603.xlsx,在庫スナップショット_202603.xlsx,なし,旧版,月次在庫スナップショット,ノイズ
D050,xlsx,倉庫B関連/在庫/旧/在庫スナップショット_202604.xlsx,在庫スナップショット_202604.xlsx,なし,旧版,月次在庫スナップショット,ノイズ
D051,xlsx,倉庫B関連/在庫/旧/在庫スナップショット_202605.xlsx,在庫スナップショット_202605.xlsx,なし,旧版,月次在庫スナップショット,ノイズ
D052,xlsx,倉庫B関連/在庫/旧/在庫スナップショット_202606.xlsx,在庫スナップショット_202606.xlsx,なし,旧版,月次在庫スナップショット,ノイズ
D053,docx,share_old/bk/old_minutes/mtg_bk_01.docx,mtg_bk_01.docx,あり,旧版,旧会議メモ（内容希薄）,ノイズ
D054,docx,share_old/bk/old_minutes/mtg_bk_02.docx,mtg_bk_02.docx,あり,旧版,旧会議メモ（内容希薄）,ノイズ
D055,docx,share_old/bk/old_minutes/mtg_bk_03.docx,mtg_bk_03.docx,あり,旧版,旧会議メモ（内容希薄）,ノイズ
D056,docx,share_old/bk/old_minutes/mtg_bk_04.docx,mtg_bk_04.docx,あり,旧版,旧会議メモ（内容希薄）,ノイズ
D057,docx,share_old/bk/old_minutes/mtg_bk_05.docx,mtg_bk_05.docx,あり,旧版,旧会議メモ（内容希薄）,ノイズ
D058,docx,share_old/bk/old_minutes/mtg_bk_06.docx,mtg_bk_06.docx,あり,旧版,旧会議メモ（内容希薄）,ノイズ
D059,docx,share_old/bk/old_minutes/mtg_bk_07.docx,mtg_bk_07.docx,あり,旧版,旧会議メモ（内容希薄）,ノイズ
D060,docx,share_old/bk/old_minutes/mtg_bk_08.docx,mtg_bk_08.docx,あり,旧版,旧会議メモ（内容希薄）,ノイズ
D061,docx,share_old/bk/old_minutes/mtg_bk_09.docx,mtg_bk_09.docx,あり,旧版,旧会議メモ（内容希薄）,ノイズ
D062,docx,share_old/bk/old_minutes/mtg_bk_10.docx,mtg_bk_10.docx,あり,旧版,旧会議メモ（内容希薄）,ノイズ
D063,docx,share_old/bk/old_minutes/mtg_bk_11.docx,mtg_bk_11.docx,あり,旧版,旧会議メモ（内容希薄）,ノイズ
D064,docx,share_old/bk/old_minutes/mtg_bk_12.docx,mtg_bk_12.docx,あり,旧版,旧会議メモ（内容希薄）,ノイズ
X001,pptx,share_old/bk/資料 (コピー).pptx,資料 (コピー).pptx,あり,旧版/重複,A006の旧コピー,
X002,pdf,開発/KODAMA/old/kodama_api_v0.8.pdf,kodama_api_v0.8.pdf,なし,旧版/重複,A011のさらに旧版,
X003,pdf,share_old/bk/経費精算マニュアル_2024年版(旧).pdf,経費精算マニュアル_2024年版(旧).pdf,あり,旧版/重複,A014の旧年版,
X004,docx,田中さん引継/デスクトップ/ドローン市場調査(ドラフト).docx,ドローン市場調査(ドラフト).docx,なし,旧版/重複,A019のドラフト版,
X005,xlsx,共有/経理/予算/予算管理表_2026年度 (コピー).xlsx,予算管理表_2026年度 (コピー).xlsx,あり,旧版/重複,A025のコピー,
X006,xlsx,share_old/bk/工程表_PJAQUA_v1.xlsx,工程表_PJAQUA_v1.xlsx,なし,旧版/重複,A028の旧版,
G001,image,共有/設計図面/DWG_001.png,DWG_001.png,あり,,図面: 配管図 P-101（倉庫B 給排水設備）,
G002,image,共有/設計図面/DWG_002.png,DWG_002.png,あり,,図面: 平面図 A-201（本社3F レイアウト）,
G003,image,共有/設計図面/DWG_003.png,DWG_003.png,あり,,図面: 電気系統図 E-301（倉庫B 電源盤）,
G004,image,共有/設計図面/DWG_004.png,DWG_004.png,あり,,図面: 配置図 S-101（太陽光パネル 屋上配置案）,
G005,image,共有/設計図面/DWG_005.png,DWG_005.png,あり,,図面: 平面図 A-101（倉庫B 保管棚レイアウト）,
G006,image,共有/設計図面/DWG_006.png,DWG_006.png,あり,,図面: 配管図 P-102（浄水設備 サンプリング配管）,
G007,image,共有/設計図面/DWG_007.png,DWG_007.png,あり,,図面: 組立図 M-401（AQUAFLOW センサーユニット）,
G008,image,共有/設計図面/DWG_008.png,DWG_008.png,あり,,図面: 外形図 M-402（AQUAFLOW 筐体）,
G009,image,共有/設計図面/DWG_009.png,DWG_009.png,あり,,図面: 系統図 N-101（社内ネットワーク構成）,
G010,image,共有/設計図面/DWG_010.png,DWG_010.png,あり,,図面: 平面図 A-202（展示会ブース 小間割り案）,
G011,image,共有/設計図面/DWG_011.png,DWG_011.png,あり,,図面: 配線図 E-302（デモ機 配線）,
G012,image,共有/設計図面/DWG_012.png,DWG_012.png,あり,,図面: 基礎図 C-101（倉庫B 基礎伏せ）,
G013,image,共有/設計図面/DWG_013.png,DWG_013.png,あり,,図面: 立面図 A-301（本社 外観）,
G014,image,共有/設計図面/DWG_014.png,DWG_014.png,あり,,図面: 詳細図 M-403（センサー取付金具）,
G015,image,共有/設計図面/DWG_015.png,DWG_015.png,あり,,図面: 配管図 P-103（薬品保管庫 排気）,
G016,image,撮影素材管理/写真/IMG_20260516_016.jpg,IMG_20260516_016.jpg,あり,,現場写真: 倉庫B 照明（照度不足箇所の記録 2026-06）,
G017,image,撮影素材管理/写真/IMG_20260617_017.jpg,IMG_20260617_017.jpg,あり,,現場写真: 展示会ブース設営（2026-11 幕張 設営中）,
G018,image,撮影素材管理/写真/IMG_20260118_018.jpg,IMG_20260118_018.jpg,あり,,現場写真: 太陽光パネル候補地（本社屋上 2026-05）,
G019,image,撮影素材管理/写真/IMG_20260219_019.jpg,IMG_20260219_019.jpg,あり,,現場写真: 倉庫B 保管棚（在庫棚 全景）,
G020,image,撮影素材管理/写真/IMG_20260320_020.jpg,IMG_20260320_020.jpg,あり,,現場写真: デモ機（AQUAFLOW デモ機 正面）,
G021,image,撮影素材管理/写真/IMG_20260421_021.jpg,IMG_20260421_021.jpg,あり,,現場写真: 機材庫（カメラ機材 保管状況）,
G022,image,撮影素材管理/写真/IMG_20260522_022.jpg,IMG_20260522_022.jpg,あり,,現場写真: ミカド精機 第2工場（監査時撮影 2026-05）,
G023,image,撮影素材管理/写真/IMG_20260623_023.jpg,IMG_20260623_023.jpg,あり,,現場写真: 配送車両（TSUBAME実証 車載端末）,
G024,image,撮影素材管理/写真/IMG_20260124_024.jpg,IMG_20260124_024.jpg,あり,,現場写真: サーバー室（機械室 入口）,
G025,image,撮影素材管理/写真/IMG_20260225_025.jpg,IMG_20260225_025.jpg,あり,,現場写真: 会議室（本社3F 会議室）,
G026,image,撮影素材管理/写真/IMG_20260326_026.jpg,IMG_20260326_026.jpg,あり,,現場写真: 倉庫B 外観（南側から撮影）,
G027,image,撮影素材管理/写真/IMG_20260427_027.jpg,IMG_20260427_027.jpg,あり,,現場写真: 薬品保管庫（施錠状況の記録）,
G028,image,撮影素材管理/写真/IMG_20260528_028.jpg,IMG_20260528_028.jpg,あり,,現場写真: 撮影スタジオ（ハギ写真館 見学）,
G029,image,撮影素材管理/写真/IMG_20260629_029.jpg,IMG_20260629_029.jpg,あり,,現場写真: 受付（来訪者記帳台）,
G030,image,撮影素材管理/写真/IMG_20260130_030.jpg,IMG_20260130_030.jpg,あり,,現場写真: 屋上（防水状況 確認）,
E001,pdf(外部),（未生成・調達枠）,—,—,,政府公開の白書・報告書PDF×10本（例: 経済財政白書の章別PDF、情報通信白書）を長尺PDF枠としてアップロードする,ページ到達課題の追加素材
E002,video(外部),（未生成・調達枠）,—,—,,発話のある動画×10本（自社セミナー録画・CCライセンス講演等、1本10〜60分）,動画・発話課題 T026-T035用
E003,video(外部),（未生成・調達枠）,—,—,,無発話の素材動画×5本（CCライセンス映像素材。既存のUI操作抽象映像も可）,動画・動作課題 T036-T040用
