drive_id,file_id,名前乖離,ファイル名,概要文字数,タグ数,entities数,persons数,locations数,概要に数字あり,タグ集合,概要
70,X002,なし,kodama_api_v0.8.pdf,106,7,1,0,0,1,KODAMA API|REST API|認証|ファイルアップロード|検索API|エラーコード|レート制限,KODAMA APIのバージョン0.9ドラフト仕様を記載した模擬文書。認証方式、ファイルアップロードおよび検索APIのエンドポイント、エラーコードの定義、およびAPIの利用制限（レート制限）について規定している。
71,A011,あり,kodama_api_v0.9_draft_old.pdf,92,7,1,0,0,0,KODAMA API|API仕様書|認証|ファイルアップロード|検索API|エラーコード|レート制限,「KODAMA API」の仕様をまとめたドラフト段階の仕様書です。認証方式、ファイルアップロード機能、検索機能、エラー定義、およびレート制限に関する基本的な技術仕様が記載されています。
72,X004,なし,ドローン市場調査(ドラフト).docx,85,6,1,0,0,1,ドローン|点検市場|インフラ点検|市場規模|市場予測|橋梁点検,ドローンを用いた点検市場に関する市場調査報告書です。2030年に向けた市場規模の予測、主要な用途セグメント、市場参入における傾向と自社の強みについて簡潔にまとめています。
73,A036,なし,伊藤PC棚卸しメモ.docx,50,8,2,2,0,0,PC棚卸し|伊藤|田中|ファイル回収|引き継ぎ|見積関連|写真素材|整理期限,退職者のPCから回収した未整理ファイルの棚卸し結果と、その保管場所、整理期限について記した業務メモ。
74,A024,なし,伊藤引継メモ.docx,83,6,4,3,0,1,引継書|アオバ物流|トチノキ設計|ハギ写真館|顧客管理|契約更新,伊藤から後任へ宛てた業務引継書。担当する8社の顧客リストや、アオバ物流の連絡先・契約更新時期、共有フォルダ内での見積資料の管理に関する注意点が簡潔にまとめられている。
75,A031,なし,業務委託基本契約_アオバ物流_模擬.pdf,75,6,1,0,0,0,業務委託基本契約書|アオバ物流株式会社|模擬文書|支払条件|契約期間|再委託,アオバ物流株式会社による、業務委託取引の基本条件を定めた模擬契約書です。目的・範囲、支払条件、契約期間、再委託に関する基本的な条項が記載されています。
76,A034,なし,倉庫B賃貸借契約_模擬.pdf,67,6,1,0,1,0,賃貸借契約書|倉庫B|不動産|港湾地区|月額賃料|契約期間,倉庫Bに関する模擬の賃貸借契約書です。物件の所在地、月額賃料、および契約の有効期間といった基本的な契約条件が簡潔にまとめられています。
77,A032,なし,秘密保持契約_ミカド精機_模擬.pdf,74,6,1,0,0,1,秘密保持契約書|ミカド精機株式会社|模擬文書|NDA|機密保持|契約条項,ミカド精機株式会社が作成した模擬の秘密保持契約書です。秘密情報の定義、目的外使用の禁止、および5年間の有効期間に関する基本的な条項が含まれています。
78,A033,なし,保守契約_トチノキ設計_模擬.pdf,72,5,1,0,0,0,保守契約|株式会社トチノキ設計|模擬文書|サービスレベル|保守料金,株式会社トチノキ設計の模擬的な保守契約書です。サポートの対応時間、障害時の初動目標時間、および月額の保守料金に関する基本事項が記載されています。
79,A006,あり,資料.pptx,96,7,1,0,0,0,AQUAFLOW|浄水場|水質センサー|クラウド監視|製品企画|ビジネスモデル|スケジュール,浄水場向けの水質センサーとクラウド監視を組み合わせたパッケージ製品「AQUAFLOW」の製品企画提案資料です。製品の機能概要、収益モデル、および開発スケジュールについて簡潔に記載されています。
80,A028,なし,工程表_PJAQUA.xlsx,50,8,1,0,0,0,PJ-AQUA|工程表|マイルストーン|プロジェクト管理|進捗状況|ベータ版|量産判定|初回出荷,プロジェクト「PJ-AQUA」における主要なマイルストーンの期日と進捗状況をまとめた工程表資料です。
81,A023,なし,TSUBAME実証実験_結果報告.docx,67,5,2,0,0,0,TSUBAME|実証実験|燃料費削減|アオバ物流|物流効率化,TSUBAMEシステムの物流実証実験に関する結果報告書。アオバ物流の協力のもと、燃料費削減効果の検証と運用上の課題がまとめられている。
82,A007,なし,TSUBAME_提案_アオバ物流様.pptx,118,6,1,0,0,1,TSUBAME|配送ルート最適化|AI|燃料費削減|物流|実証実験,AIを活用した配送ルート最適化サービス「TSUBAME」の導入提案資料です。配送ルートの属人化や燃料費増加といった課題に対し、AIによる最適化で12%の燃料費削減を見込む解決策と、2週間の実証実験から始める導入ステップを提示しています。
83,D047,なし,在庫スナップショット_202601.xlsx,56,5,2,0,0,1,水質センサ|通信モジュール|在庫管理|2026年1月|在庫数,2026年1月時点の特定品目の在庫状況を記載した文書です。水質センサと通信モジュールの在庫数が記録されています。
84,D048,なし,在庫スナップショット_202602.xlsx,55,5,2,0,0,1,在庫管理|水質センサ|通信モジュール|2026年|在庫数,2026年2月時点の在庫状況を記録した管理資料です。水質センサと通信モジュールの在庫数がリスト化されています。
85,D049,なし,在庫スナップショット_202603.xlsx,57,5,2,0,0,1,在庫管理|2026年3月|水質センサ|通信モジュール|在庫報告,2026年3月時点の製品在庫状況をまとめた資料です。水質センサと通信モジュールの具体的な在庫数が記載されています。
86,D050,なし,在庫スナップショット_202604.xlsx,58,5,2,0,0,1,水質センサ|通信モジュール|在庫管理|2026年4月|在庫数,2026年4月時点における特定の品目の在庫状況をまとめた文書。水質センサと通信モジュールの在庫数が記録されています。
87,D051,なし,在庫スナップショット_202605.xlsx,61,5,2,0,0,1,在庫管理|水質センサ|通信モジュール|2026年5月|棚卸,2026年5月時点における製品の在庫状況を記録した文書です。水質センサと通信モジュールの具体的な在庫数が記載されています。
88,D052,なし,在庫スナップショット_202606.xlsx,46,5,2,0,0,1,在庫管理|水質センサ|通信モジュール|2026年6月|在庫数,2026年6月時点における水質センサおよび通信モジュールの在庫状況を記載した在庫管理表です。
89,A029,なし,在庫一覧_倉庫B_最新.xlsx,97,6,3,0,1,1,倉庫B|在庫一覧|在庫管理|水質センサ|通信モジュール|筐体,倉庫Bにおける特定品目の在庫状況を管理するための文書です。水質センサ、通信モジュール、筐体の3つの品目について、現在の在庫数、補充の基準となる発注点、および単価が一覧表形式でまとめられています。
90,D053,あり,mtg_bk_01.docx,65,4,1,0,0,0,旧定例会議|進捗共有|課題確認|プロジェクト管理,旧サーバーから退避された過去の定例会議の内容を簡潔にまとめたメモです。進捗の共有と現状の課題確認が行われたことが記録されています。
91,D054,あり,mtg_bk_02.docx,58,5,1,0,0,0,旧定例会議|進捗共有|課題確認|プロジェクト管理|アーカイブ,旧サーバーから退避された定例会議の簡略なメモ資料です。会議における進捗共有と課題確認の実施について記録されています。
92,D055,あり,mtg_bk_03.docx,52,5,1,0,0,1,定例会議|進捗共有|課題確認|旧サーバー|データ移行,旧サーバーから退避された第3回定例会議のメモです。進捗共有と課題確認が行われたことを示す簡略な記録です。
93,D056,あり,mtg_bk_04.docx,49,4,1,0,0,0,定例会議|進捗共有|課題確認|サーバー移行,旧サーバーから退避された定例会議の簡略なメモ。進捗の共有と課題の確認が行われたことを記録している。
94,D057,あり,mtg_bk_05.docx,62,5,0,0,0,0,定例会議|進捗共有|課題確認|サーバー移行|ビジネスコミュニケーション,旧サーバーから移行された定例会議の簡略化されたメモです。会議において進捗の共有と課題の確認が行われたことが記録されています。
95,D058,あり,mtg_bk_06.docx,43,5,2,0,0,0,旧定例会議|進捗共有|課題確認|旧サーバー|会議メモ,旧サーバーから退避された簡略版の定例会議メモ。進捗状況の共有と課題の確認を行った記録。
96,D059,あり,mtg_bk_07.docx,54,5,1,0,0,0,定例会議|進捗共有|課題確認|プロジェクト管理|アーカイブ,旧サーバーから移行された定例会議のメモで、進捗状況の共有と課題の確認を行った記録が簡潔にまとめられています。
97,D060,あり,mtg_bk_08.docx,61,5,1,0,0,0,定例会議|進捗共有|課題確認|旧サーバー|会議メモ,旧サーバーから退避された定例会議の簡略なメモです。会議において進捗状況の共有と課題の確認が行われたことが記録されています。
98,D061,あり,mtg_bk_09.docx,65,5,1,0,0,1,旧定例会議メモ|進捗共有|課題確認|旧サーバー退避|プロジェクト管理,旧サーバーから退避された定例会議の簡略なメモです。第9回の定例会議において、進捗共有と課題確認が実施されたことが記録されています。
99,D062,あり,mtg_bk_10.docx,56,5,1,0,0,1,定例会議|進捗共有|課題確認|旧サーバー|会議メモ,旧サーバーから退避された第10回定例会議のメモです。進捗の共有と課題の確認が行われたことを簡略に記録しています。
100,D063,あり,mtg_bk_11.docx,61,5,1,0,0,1,定例会議|進捗共有|課題確認|旧サーバー|会議メモ,第11回旧定例会議のメモです。旧サーバーから退避された簡略的な記録で、進捗の共有と課題の確認が行われたことを示しています。
101,D064,あり,mtg_bk_12.docx,64,5,1,0,0,1,旧定例会議|進捗共有|課題確認|サーバー移行|データ退避,旧サーバーから退避された定例会議のメモ（第12回分）であり、進捗共有と課題確認が実施されたことを簡潔に記載したビジネス文書です。
102,X003,あり,経費精算マニュアル_2024年版(旧).pdf,73,6,2,0,0,1,経費精算|マニュアル|交通費|高額経費|立替金|2026年版,2026年度版の社内経費精算ルールをまとめたマニュアルです。精算の締め日、交通費の証憑、高額支出の事前承認、および振込日について記載されています。
103,A002,あり,20260512_mtg.docx,97,6,3,1,0,1,動画配信システム|SSLサーバー証明書|障害レビュー|システム運用|再発防止策|開発部,2026年5月12日に発生した動画配信システムの障害に関する振り返り会議の議事録です。原因がSSLサーバー証明書の期限切れであることを特定し、監視アラートの設定による再発防止策を策定しています。
104,X006,なし,工程表_PJAQUA_v1.xlsx,53,5,1,0,0,0,PJ-AQUA|工程表|マイルストーン|スケジュール管理|製品開発,プロジェクト「PJ-AQUA」における主要な開発マイルストーンの期日と進捗状況をまとめた工程管理資料です。
105,X001,あり,資料 (コピー).pptx,83,6,1,0,0,0,AQUAFLOW|浄水場|水質センサー|クラウド監視|IoT|水質管理,浄水場向けの水質センサーとクラウド監視システム「AQUAFLOW」の製品企画提案資料です。製品の機能概要、収益モデル、および開発スケジュールについて説明されています。
106,A015,なし,撮影機材取扱手順.pdf,70,6,3,0,0,0,撮影機材|取扱手順書|カメラ|レンズ|バッテリー|メンテナンス,撮影機材の適切な取り扱い方法を記した模擬文書です。機材の持ち出し手続き、バッテリーの保管条件、レンズの清掃手順について簡潔に解説しています。
107,A026,なし,機材台帳.xlsx,75,6,5,0,0,0,機材台帳|カメラ|ドローン|三脚|点検管理|資産管理,カメラ、ドローン、三脚といった機材の管理状況をまとめた台帳です。各機材の型式、台数、シリアル番号、および次回の点検予定時期が表形式で記載されています。
108,G018,あり,IMG_20260118_018.jpg,134,6,0,0,0,1,太陽光パネル|候補地|本社屋上|2026年5月|プレースホルダー|設置計画,「現場写真：太陽光パネル候補地」および「本社屋上 2026-05」というテキストが記載された、プレゼンテーション資料のプレースホルダー。グレーの矩形が写真の代わりとして配置されており、太陽光発電システムの設置検討における現場の状況を示すためのスライド構成となっている。
109,G024,あり,IMG_20260124_024.jpg,135,6,0,0,0,0,サーバー室|機械室|入口|現場写真|プレースホルダー|図解,「現場写真: サーバー室」「機械室 入口」というテキストが左上に記された、極めてシンプルな構成の画像。背景は上下でグレーとブラウンに分かれ、中央には濃い青色の長方形が配置されており、資料作成時などの写真の代わりとして使われるプレースホルダーのようなデザインとなっている。
110,G030,あり,IMG_20260130_030.jpg,109,6,0,0,0,0,現場写真|屋上|防水状況確認|報告書|メンテナンス|プレースホルダー,建物の屋上における防水状況の点検・確認を目的とした現場報告書のサンプル画像です。左上に「現場写真：屋上」「防水状況 確認」というテキストがあり、中央には写真のプレースホルダーと思われる枠線付きの長方形が描かれています。
111,G019,あり,IMG_20260219_019.jpg,57,6,0,0,1,0,倉庫B|保管棚|在庫棚|現場写真|全景|プレースホルダー,倉庫Bにおける保管棚および在庫棚の全景を記録するための、プレースホルダー画像を含んだ現場写真の管理用サンプル資料。
112,G025,あり,IMG_20260225_025.jpg,104,6,1,0,0,1,会議室|本社|現場写真|3階|プレースホルダー|レイアウト案,「現場写真：会議室」「本社3F 会議室」というテキストが左上に記載された、資料作成用のプレースホルダー画像です。中央に配置された紺色の矩形は写真の挿入箇所を示唆しており、シンプルで抽象的な構成となっています。
113,G020,あり,IMG_20260320_020.jpg,118,6,1,0,0,0,AQUAFLOW|デモ機|現場写真|正面|プレースホルダー|グラフィック,薄い青色と茶色の背景の中央にグレーの矩形が配置され、左上には「現場写真：デモ機」「AQUAFLOW デモ機 正面」と記述された画像です。製品資料やマニュアルなどの作成時に、実際の写真を入れる前の構成案を示すサンプルとして機能しています。
114,G026,あり,IMG_20260326_026.jpg,98,6,0,0,1,0,倉庫B|現場写真|外観|プレースホルダー|南側|モックアップ,「現場写真：倉庫B 外観」および「南側から撮影」というテキストが左上に記された、報告書のプレースホルダーのような簡略化された画像。中央に灰色の矩形があり、上下に分かれた色面の背景で構成されている。
115,G021,あり,IMG_20260421_021.jpg,134,7,0,0,0,0,機材庫|カメラ機材|保管状況|現場写真|報告書|プレースホルダー|スライド,「現場写真：機材庫」および「カメラ機材 保管状況」というテキストが左上に記された、報告用スライドの画像。中央には大きなグレーの長方形が配置されており、実際の現場写真の代わり、あるいはプレースホルダーとして機能している。背景は上下で色が分かれたシンプルなデザインである。
116,G027,あり,IMG_20260427_027.jpg,126,7,0,0,0,0,薬品保管庫|施錠状況の記録|現場写真|管理台帳|テンプレート|業務報告|セキュリティ管理,「現場写真：薬品保管庫」および「施錠状況の記録」というテキストが左上に配置された、業務記録用と思われる文書のテンプレートです。中央には写真などの画像を配置するための大きなグレーの矩形領域があり、背景は上下で色の分かれたシンプルなデザインになっています。
117,G016,あり,IMG_20260516_016.jpg,105,6,0,0,1,1,倉庫B|照明設備|照度不足|現場写真|報告書案|点検記録,「倉庫B 照明」および「照度不足箇所の記録 2026-06」というテキストが左上に配置された、現場調査報告書のサンプル用グラフィック。中央には写真のプレースホルダーと思われる濃いグレーの長方形が配置されている。
118,G022,あり,IMG_20260522_022.jpg,134,6,1,0,0,1,ミカド精機|第2工場|監査|現場写真|プレースホルダー|2026年,「ミカド精機 第2工場」における2026年5月の監査時に撮影されたとされる現場写真のプレースホルダー画像です。上下に分かれた背景色の中央に、写真の枠を模したグレーの長方形が配置されており、左上に撮影情報を示すテキストが記載された極めてシンプルなデザインとなっています。
119,G028,あり,IMG_20260528_028.jpg,145,6,1,0,0,0,ハギ写真館|撮影スタジオ|見学|現場写真|ミニマルデザイン|幾何学模様,「現場写真: 撮影スタジオ」および「ハギ写真館 見学」というテキストが左上に配置された、非常にシンプルなグラフィック画像。中央に大きなグレーの長方形があり、背景は上下でライトグレーとブラウンに分かれている。ハギ写真館の見学に関連するプレゼンテーションの表紙やスライド素材のような構成である。
120,G017,あり,IMG_20260617_017.jpg,89,5,0,0,1,1,展示会ブース|ブース設営|幕張|プレースホルダー|資料作成,2026年11月に幕張で行われる展示会ブースの設営現場を記録するための、写真挿入用プレースホルダーが含まれたビジネス文書のサンプル。左上に状況を説明するテキストが添えられている。
121,G023,あり,IMG_20260623_023.jpg,133,6,1,0,0,0,TSUBAME|実証実験|車載端末|配送車両|現場写真|スライド,「現場写真: 配送車両」「TSUBAME実証 車載端末」というテキストが記載された、プレゼンテーション用スライドの画像。配送車両に搭載される端末の実証実験に関する資料の一部であり、中央には画像や図解を配置するためのプレースホルダーと思われる大きな矩形が描かれている。
122,G029,あり,IMG_20260629_029.jpg,95,6,0,0,0,0,現場写真|受付|来訪者記帳台|プレースホルダー|ミニマリズム|ビジネス資料,「現場写真：受付」および「来訪者記帳台」というテキストが左上に配置された、受付エリアを抽象的に表現したプレースホルダー画像。上下二色に分かれた背景の中央に、紺色の大きな長方形が描かれている。
123,A003,あり,最終版_v2(コピー).docx,71,5,1,2,0,0,営業戦略|アオバ物流株式会社|コンペ|保守体制|訴求方針,アオバ物流株式会社へのコンペ提案に向けた営業戦略会議のメモ。価格競争を避けて保守体制を強調する方針や、提案書作成のスケジュールが記されている。
124,A020,なし,顧客満足度調査_2026上期_報告.docx,80,5,3,0,0,1,顧客満足度調査|NPS|改善案|2026年上期|カスタマーサポート,2026年上期の顧客満足度調査結果を報告するビジネス文書です。NPSの向上状況と、主要な不満点である問い合わせ対応の遅延に対する具体的な改善案をまとめています。
125,A027,なし,顧客リスト_模擬.xlsx,43,5,5,5,0,0,顧客リスト|顧客管理|アオバ物流|ミカド精機|架空データ,アオバ物流やミカド精機などの架空の会社情報をまとめた、サンプル用の顧客リスト資料です。
126,D037,なし,会議アジェンダ_01.docx,56,4,0,0,0,1,定例会議|アジェンダ|進捗共有|ビジネス文書,第1回定例会議の議題をまとめたアジェンダ資料。前回の宿題の確認、進捗の共有、その他の3つの項目で構成されている。
127,D038,なし,会議アジェンダ_02.docx,65,5,1,0,0,1,定例会議|アジェンダ|進捗共有|業務管理|会議資料,第2回定例会議のためのアジェンダ資料です。前回の宿題事項の確認、現在の進捗状況の共有、およびその他の議題について構成されています。
128,D039,なし,会議アジェンダ_03.docx,68,4,0,0,0,1,定例会議|アジェンダ|進捗共有|宿題確認,第3回定例会議の議題をまとめたアジェンダ文書です。前回会議からの宿題確認や進捗共有、その他の事項について議論される予定が記されています。
129,D040,なし,会議アジェンダ_04.docx,57,5,1,0,0,1,定例会議|アジェンダ|進捗共有|前回宿題|会議運営,第4回定例会議のアジェンダを記した文書です。前回宿題の確認、進捗共有、その他の3項目が議題として設定されています。
130,D041,なし,会議アジェンダ_05.docx,61,5,1,0,0,1,定例会議|アジェンダ|進捗共有|宿題確認|業務報告,第5回定例会議のアジェンダを記した文書です。前回の宿題確認、進捗共有、およびその他の事項について簡潔にまとめられています。
131,D042,なし,会議アジェンダ_06.docx,69,5,1,0,0,1,定例会議|アジェンダ|進捗共有|宿題確認|会議資料,第6回定例会議の進行予定をまとめたアジェンダ資料。前回の宿題の確認や現在の進捗状況の共有、その他の連絡事項を主な議題として構成されている。
132,D043,なし,会議アジェンダ_07.docx,63,4,1,0,0,1,定例会議|アジェンダ|進捗共有|ビジネス,第7回定例会議の議題をまとめたアジェンダ資料です。前回の宿題の確認、進捗共有、その他事項の3つのセクションで構成されています。
133,D044,なし,会議アジェンダ_08.docx,75,4,1,0,0,1,定例会議|アジェンダ|進捗共有|プロジェクト管理,第8回定例会議の議題をまとめたアジェンダ資料です。前回会議からの継続課題の確認、現在のプロジェクト進捗の共有、およびその他の連絡事項が含まれています。
134,D045,なし,会議アジェンダ_09.docx,67,4,1,0,0,1,定例会議|アジェンダ|進捗共有|宿題確認,第9回定例会議のアジェンダを記載したビジネス文書です。会議の主要な項目として前回宿題の確認、進捗共有、その他の事項が挙げられています。
135,D046,なし,会議アジェンダ_10.docx,53,5,0,0,0,1,定例会議|アジェンダ|進捗共有|宿題確認|会議資料,第10回定例会議のアジェンダ資料。前回宿題の確認、進捗共有、その他という3つの主要な議題で構成されている。
136,A001,あり,新しいMicrosoft Word 文書 (3).docx,90,5,2,4,1,1,PJ-AQUA|水質センサー|予算管理|プロジェクト進捗|ベータテスト,2026年4月10日に開催された定例企画会議の議事録です。プロジェクト「PJ-AQUA」における水質センサーの納期遅延報告、追加予算の承認、および今後のタスクがまとめられています。
137,A019,なし,ドローン点検市場調査報告_2026.docx,105,6,1,0,1,1,ドローン|点検市場|市場調査|インフラ点検|橋梁点検|2030年,国内のドローン点検市場における将来予測と参入戦略をまとめた調査報告書の概要。2030年に向けた市場規模の拡大見通しや、主要な用途セグメント、新規参入の傾向、および自社の強みとなる要素について簡潔に記されている。
138,A009,なし,幕張展示会_出展計画_2026.pptx,87,6,1,0,1,1,幕張展示会|出展計画|AQUAFLOW|展示会|デモ機|シフト制,2026年11月に開催される幕張展示会に向けた出展計画の資料。評価用の模擬資料として、会期、展示予定の製品「AQUAFLOW」、および運営スタッフのシフト体制が示されている。
139,A014,なし,経費精算マニュアル_2026年版.pdf,84,6,1,0,0,1,経費精算|交通費|高額経費|立替金|社内ルール|事務手続き,2026年版の経費精算マニュアルの模擬文書です。経費申請の締め日、交通費の精算方法、高額経費の事前申請、および立替金の振込スケジュールについて簡潔にまとめられています。
140,A038,なし,予算会議議事録_2026年7月.docx,65,6,1,0,0,1,予算会議|2026年7月|広告宣伝費|開発部|展示会予算|効果測定,2026年7月に実施された予算会議の議事録。下期の広告宣伝費の増額とその財源、および展示会予算の現状維持について記載されています。
141,A030,なし,経費集計_2026上期.xlsx,58,10,4,0,0,1,経費集計|2026年|上半期|営業部|企画部|開発部|総務部|交通費|会議費|消耗品,2026年度上期における、営業部、企画部、開発部、総務部の4部門の経費（交通費、会議費、消耗品）を集計した資料です。
142,D025,なし,20260105_請求書.pdf,56,5,0,0,0,1,請求書|業務委託|模擬文書|支払明細|2026年,2026年1月分を想定した業務委託料の模擬請求書です。表紙と、金額・支払期限を含む明細ページで構成されています。
143,D026,なし,20260205_請求書.pdf,46,5,2,0,0,1,請求書|業務委託料|2026年2月|支払明細|模擬文書,2026年2月分の業務委託料に関する模擬請求書。請求金額や支払期限などの明細が含まれている。
144,D028,なし,20260405_請求書.pdf,69,5,0,0,0,1,請求書|業務委託料|2026年4月|経理|模擬文書,"2026年4月分の業務委託料を請求するための模擬請求書です。一式550,000円（税込）の請求金額と、翌月末の支払期限が記載されています。"
145,D029,なし,20260505_請求書.pdf,63,5,1,0,0,1,請求書|業務委託料|模擬文書|2026年5月|経理事務,2026年5月分を対象とした、業務委託料の請求内容（模擬）を記したビジネス文書です。金額および支払期限の明細が含まれています。
146,D031,なし,20260705_請求書.pdf,61,5,1,0,0,1,請求書|業務委託料|2026年7月|支払期限|模擬,"2026年7月分の業務委託料一式を請求する模擬請求書。合計金額550,000円（税込）と翌月末の支払期限が記載されている。"
147,D032,なし,20260805_請求書.pdf,66,5,2,0,0,1,請求書|業務委託料|2026年8月|模擬文書|支払期限,"2026年8月分の業務委託料に関する模擬の請求書資料。請求金額550,000円（税込）および、翌月末という支払期限が記載されている。"
148,D034,なし,20261005_請求書.pdf,66,5,1,0,0,1,請求書|業務委託料|模擬文書|2026年10月|経理,"2026年10月分の業務委託料に関する模擬的な請求書です。金額は一式550,000円（税込）で、支払期限は翌月末と記載されています。"
149,D035,なし,20261105_請求書.pdf,73,5,2,0,0,1,請求書|業務委託料|2026年11月|模擬文書|経理資料,"2026年11月分の業務委託料請求を想定した模擬文書です。請求金額550,000円（税込）や支払期限などの基本的な請求情報の記載例となっています。"
150,D027,あり,スキャン_0003.pdf,50,5,0,0,0,1,請求書|業務委託料|2026年3月|模擬文書|精算,2026年3月分の業務委託料に関する模擬請求書のサンプルです。金額の明細や支払期限が含まれています。
151,D030,あり,スキャン_0006.pdf,67,5,0,0,0,1,請求書|業務委託料|模擬|2026年6月|事務処理,"2026年6月分の業務委託料に関する模擬の請求書。一式550,000円（税込）の請求額と、支払期限が翌月末であることが記載されている。"
152,D033,あり,スキャン_0009.pdf,59,5,1,0,0,1,請求書|業務委託料|2026年9月|模擬文書|支払期限,"2026年9月分の業務委託料に関する模擬の請求書です。金額は税込550,000円、支払期限は翌月末と設定されています。"
153,D036,あり,スキャン_0012.pdf,34,5,0,0,0,1,請求書|模擬文書|業務委託料|2026年12月|支払期限,2026年12月分の業務委託料に関する模擬の請求書ドキュメントです。
154,X005,あり,予算管理表_2026年度 (コピー).xlsx,64,5,5,0,0,1,予算管理表|2026年度|予算執行|財務管理|部門別予算,2026年度の各部門（企画部、営業部、開発部、総務部）における年間予算、上期執行額、および下期残高を管理するための表形式の資料。
155,A025,なし,予算管理表_2026年度.xlsx,73,8,4,0,0,1,予算管理|2026年度|部門別予算|財務データ|企画部|営業部|開発部|総務部,2026年度における各部門（企画部、営業部、開発部、総務部）の予算執行状況をまとめた管理表。年間予算、上期執行額、および下期残額が記載されている。
156,A016,なし,ブランドガイドライン_v3.pdf,86,5,1,0,0,1,ブランドガイドライン|ロゴデザイン|カラーパレット|タイポグラフィ|Noto Sans JP,ブランドのビジュアルアイデンティティを維持するための規定をまとめた「ブランドガイドライン v3」の模擬文書です。ロゴの使用サイズ、配色、指定フォントについて定義しています。
157,D001,なし,週報_営業部_2026年5月_第1週.docx,51,5,1,0,0,0,営業部|週報|定例訪問|資料作成|社内打合せ,営業部における今週の活動内容をまとめた週報です。定例訪問や資料作成、打合せの実施状況が記されています。
158,D002,なし,週報_営業部_2026年5月_第2週.docx,52,5,1,0,0,0,営業部|週報|定例訪問|資料作成|社内打合せ,営業部における一週間の業務活動を簡潔にまとめた週報です。訪問件数や会議の実施状況などが記載されています。
159,D003,なし,週報_営業部_2026年5月_第3週.docx,50,5,1,0,0,0,営業部|週報|業務報告|定例訪問|社内打合せ,営業部における一週間の活動実績（定例訪問、資料作成、社内打合せ）および特記事項をまとめた報告書です。
160,D004,なし,週報_営業部_2026年5月_第4週.docx,54,5,1,0,0,0,営業部|週報|定例訪問|資料作成|社内打合せ,営業部における今週の活動内容をまとめた週報です。定例訪問、資料作成、社内打合せの実施状況が報告されています。
161,D005,なし,週報_営業部_2026年6月_第1週.docx,65,5,1,0,0,1,営業部|週報|定例訪問|資料作成|社内打合せ,営業部の週報です。今週の主な活動として、5件の定例訪問、資料作成、および社内打合せの実施が報告されています。特記事項はありません。
162,D006,なし,週報_営業部_2026年6月_第2週.docx,56,6,1,0,0,0,週報|営業部|業務報告|定例訪問|社内打合せ|資料作成,営業部の今週の活動実績をまとめた週報です。訪問件数や資料作成、社内打合せなどの業務内容が簡潔に記載されています。
163,D013,なし,週報_開発部_2026年5月_第1週.docx,65,6,1,0,0,0,開発部|週報|業務報告|定例訪問|資料作成|社内打合せ,開発部における一週間の業務活動を報告する週報です。定例訪問、資料作成、社内打合せといった具体的な活動内容が簡潔に記載されています。
164,D014,なし,週報_開発部_2026年5月_第2週.docx,59,5,1,0,0,0,開発部|週報|定例訪問|社内打合せ|業務報告,開発部における一週間の活動内容を簡潔にまとめた週報です。定例訪問や資料作成、社内打合せなどの実施状況が記されています。
165,D015,なし,週報_開発部_2026年5月_第3週.docx,30,5,1,0,0,0,開発部|週報|定例訪問|業務報告|社内打合せ,開発部における一週間の業務活動内容を報告する週次報告書です。
166,D016,なし,週報_開発部_2026年5月_第4週.docx,65,5,1,0,0,0,開発部|週報|業務報告|定例訪問|社内打合せ,開発部の週間活動内容を簡潔にまとめた週報です。今週の主な活動として定例訪問や資料作成、社内打合せが行われたことが報告されています。
167,D017,なし,週報_開発部_2026年6月_第1週.docx,48,5,1,0,0,1,開発部|週報|業務報告|定例訪問|社内打合せ,開発部における1週間の業務活動（定例訪問、資料作成、社内打合せ）を簡潔にまとめた週次報告書です。
168,D018,なし,週報_開発部_2026年6月_第2週.docx,56,5,1,0,0,1,開発部|週報|業務報告|定例訪問|社内打合せ,開発部の1週間の業務活動をまとめた週次報告書です。定例訪問や資料作成、社内打合せなどの実施状況が記されています。
169,D007,なし,週報_企画部_2026年5月_第1週.docx,58,5,1,0,0,0,企画部|週報|定例訪問|資料作成|社内打合せ,企画部の今週の活動内容を報告する週報です。定例訪問、資料作成、社内打合せといった業務活動が簡潔にまとめられています。
170,D008,なし,週報_企画部_2026年5月_第2週.docx,27,5,1,0,0,0,企画部|週報|定例訪問|資料作成|社内打合せ,企画部の一週間の業務活動内容を簡潔にまとめた週報です。
171,D009,なし,週報_企画部_2026年5月_第3週.docx,73,6,1,0,0,0,企画部|週報|業務報告|定例訪問|資料作成|社内打合せ,企画部の週間活動報告書です。今週の主な活動として定例訪問、資料作成、社内打合せの実施状況がまとめられており、特記事項がないことが報告されています。
172,D010,なし,週報_企画部_2026年5月_第4週.docx,42,5,1,0,0,1,企画部|週報|定例訪問|資料作成|社内打合せ,企画部における1週間の業務活動（定例訪問、資料作成、社内打合せ）を記録した週報です。
173,D011,なし,週報_企画部_2026年6月_第1週.docx,69,5,1,0,0,0,企画部|週報|定例訪問|資料作成|社内打合せ,企画部の今週の活動内容をまとめた週報です。定例訪問、資料作成、社内打合せの実績が簡潔に記載されており、特記事項はない旨が報告されています。
174,D012,なし,週報_企画部_2026年6月_第2週.docx,62,6,1,0,0,0,企画部|週報|定例訪問|資料作成|社内打合せ|業務報告,企画部における今週の業務活動内容を簡潔にまとめた週報です。定例訪問の件数、資料作成、社内打合せの実施状況が報告されています。
175,D019,なし,週報_総務部_2026年5月_第1週.docx,55,5,1,0,0,0,総務部|週報|定例訪問|社内打合せ|業務報告,総務部の週間業務活動を簡潔にまとめた週報です。活動内容として定例訪問、資料作成、社内打合せが記録されています。
176,D020,なし,週報_総務部_2026年5月_第2週.docx,49,6,1,0,0,0,総務部|週報|定例訪問|資料作成|社内打合せ|業務報告,総務部の週報であり、一週間の活動内容（定例訪問、資料作成、社内打合せ）が簡潔にまとめられています。
177,D021,なし,週報_総務部_2026年5月_第3週.docx,63,5,1,0,0,0,総務部|週報|業務報告|定例訪問|社内打合せ,総務部における一週間の業務活動内容を簡潔にまとめた週報です。定例訪問の件数、資料作成、社内打合せの実施状況が記載されています。
178,D022,なし,週報_総務部_2026年5月_第4週.docx,56,6,1,0,0,0,総務部|週報|定例訪問|資料作成|社内打合せ|業務報告,総務部の週間活動内容を簡潔に報告するための文書です。定例訪問、資料作成、社内打合せの実施状況が記載されています。
179,D023,なし,週報_総務部_2026年6月_第1週.docx,53,6,1,0,0,0,総務部|週報|活動報告|定例訪問|資料作成|社内打合せ,総務部の週間活動内容をまとめた報告書です。定例訪問、資料作成、社内打合せなどの実施状況が記載されています。
180,D024,なし,週報_総務部_2026年6月_第2週.docx,60,5,1,0,0,1,総務部|週報|定例訪問|資料作成|社内打合せ,総務部における1週間の活動内容をまとめた週報です。定例訪問や資料作成、社内打合せなどの業務実績が簡潔に記載されています。
181,A021,なし,インシデント報告_20260603.docx,100,5,0,0,0,1,インシデント報告書|メール誤送信|見積書|情報漏洩対策|再発防止策,2026年6月3日に発生した営業部員による見積書のメール誤送信に関するインシデント報告書です。共有URLの無効化による初動対応と、今後の再発防止に向けた宛先二重確認のルール化について記載されています。
182,A005,なし,システム更改検討会_第2回.docx,90,6,3,0,0,1,ファイルサーバー|更改検討会|クラウド移行|情報システム部|保守期限|リプレース,第2回ファイルサーバー更改検討会の記録。現行サーバーの保守期限切れに伴うリプレース見積りと、クラウド活用によるサーバー小型化の代替案、及び次回までの調査事項について記載されている。
183,A035,なし,動画配信基盤更改_比較3案.pptx,74,7,2,0,0,1,動画配信基盤|インフラ更改|オンプレミス|クラウド|ハイブリッド構成|CDN|システム移行,動画配信基盤の更新にあたり、オンプレミス、フルクラウド、ハイブリッドの3つの構成案を比較検討し、段階的移行が可能なハイブリッド案を推奨する模擬資料。
184,A012,なし,バックアップ運用手順書.pdf,55,7,1,1,0,0,バックアップ|運用手順書|フルバックアップ|差分バックアップ|リストア|データ保護|情報システム部,システムのバックアップ運用における方針、データの保存期間、リストア手順、および管理体制を定めた模擬手順書です。
185,A008,なし,新人研修制度企画_2027年度.pptx,80,6,1,0,0,0,新人研修|メンター制度|OJT|社員教育|人事評価|業務改善,新人研修制度における配属後のフォロー不足という課題に対し、メンター制度の導入や人事部によるOJT計画の定期レビューといった具体的な改善策を提示する模擬企画資料。
186,G001,あり,DWG_001.png,105,6,2,0,0,1,配管図|給排水設備|図面|P-101|倉庫B|設計図,「配管図 P-101」と記載された、倉庫Bの給排水設備のための簡略な設計図。等間隔のグリッド線と中央左寄りに一つの円が描かれており、右下には図面名称と「倉庫B 給排水設備」という内容を記した枠が配置されている。
187,G002,あり,DWG_002.png,104,7,1,0,1,1,平面図|レイアウト|グリッド|オフィス|設計図|本社3F|A-201,「本社3F レイアウト」と題された簡略な平面図（図面番号A-201）の画像です。白い背景に黒い格子状のグリッドが描かれ、その一部分に円形の図形が配置されています。左上と右下にタイトルテキストが含まれています。
188,G003,あり,DWG_003.png,77,5,1,0,1,1,電気系統図|E-301|倉庫B|電源盤|設計図,「電気系統図 E-301」と題された、倉庫Bの電源盤に関する設計図面の画像です。全体にグリッド線が引かれ、左上の交差点付近に黒い円が一つ配置されています。
189,G004,あり,DWG_004.png,106,6,1,0,0,1,配置図|太陽光パネル|屋上配置案|設計図|S-101|グリッド線,「太陽光パネル 屋上配置案」と題された、図面番号S-101の配置図です。黒い格子状のグリッド線が引かれ、その一部に円形のマークが描かれています。右下には図面情報を記載する枠（タイトルブロック）が配置されています。
190,G005,あり,DWG_005.png,116,6,1,0,1,1,平面図|倉庫B|保管棚レイアウト|設計図|グリッド|CAD,「倉庫B 保管棚レイアウト」と記された平面図（A-101）の設計図面です。黒い実線によるグリッド状のレイアウトが描かれており、その一箇所に円形のマークが配置されています。右下には図面名称と番号が記載されたタイトルブロックがあります。
191,G006,あり,DWG_006.png,104,6,1,0,0,1,配管図|P-102|浄水設備|サンプリング配管|設計図|グリッド,浄水設備のサンプリング配管に関する設計図（配管図 P-102）です。白地に黒の細線で格子状のグリッドが引かれ、中央左寄りに円形が描かれています。右下のタイトルブロックには、図面番号と設備名称が記されています。
192,G007,あり,DWG_007.png,94,7,2,0,0,1,組立図|M-401|AQUAFLOW|センサーユニット|グリッド|設計図|テクニカルイラスト,「組立図 M-401」と題された、AQUAFLOWセンサーユニットの設計仕様書の画像。中央には格子状のグリッド線と円が描かれており、右下には製品名と型番が記載されたタイトルブロックがある。
193,G008,あり,DWG_008.png,128,6,2,0,0,1,外形図|M-402|AQUAFLOW|筐体|設計図|グリッド,「外形図 M-402」および「AQUAFLOW 筐体」と記された、非常に簡略化された設計図面のような画像。背景には均等な格子状のグリッド線が引かれ、左上の区画に黒い円が一つ描かれている。右下には図面番号や製品名が記載されたタイトルブロックが配置されている。
194,G009,あり,DWG_009.png,84,6,1,0,0,1,系統図|N-101|社内ネットワーク構成|グリッド線|図面|テンプレート,「系統図 N-101」と題された社内ネットワーク構成図のドラフト。等間隔のグリッド線の上に円形の図形が配置されており、右下には管理用のタイトルボックスが設けられている。
195,G010,あり,DWG_010.png,101,6,2,0,0,1,平面図|展示会ブース|小間割り案|グリッド|図面|設計図,展示会のブース小間割り案を示す平面図（A-202）のドキュメントです。黒い実線で描かれた格子状のグリッド上に、円形のマークが一つ配置されています。右下には図面番号とタイトルを記した枠が設けられています。
196,G011,あり,DWG_011.png,90,6,2,0,0,1,配線図|E-302|デモ機|設計図|図面|グリッド,「配線図 E-302」と記された、格子状のラインと円で構成されたシンプルな図面。右下のタイトルブロックには「配線図 E-302」および「デモ機 配線」という文字が記載されています。
197,G012,あり,DWG_012.png,91,6,2,0,0,1,基礎図|基礎伏せ図|倉庫B|C-101|設計図|グリッド線,「基礎図 C-101」と題された倉庫Bの基礎伏せ図です。等間隔の格子状のグリッド線が引かれており、その中に一つの円が描かれています。右下の表組には図面の名称と内容が記載されています。
198,G013,あり,DWG_013.png,86,6,2,0,0,1,立面図|設計図|建築図面|外観図|グリッド|A-301,「立面図 A-301」と題された、建物の外観を示すシンプルな建築図面です。等間隔の格子状の線の中に一つの円が配置されており、右下の枠内には「本社外観」という記述があります。
199,G014,あり,DWG_014.png,97,6,2,0,0,1,詳細図|M-403|センサー取付金具|設計図|技術図面|グリッド,「詳細図 M-403」と記された、センサー取付金具の設計用図面です。均等な格子状のグリッド線の上に、一箇所だけ円形のシンボルが描かれています。右下には部品名を示すキャプションが配置されています。
200,G015,あり,DWG_015.png,113,6,2,0,0,1,配管図|P-103|薬品保管庫|排気|図面|グリッド,薬品保管庫の排気設備に関する配管図（図番 P-103）です。白地に黒色のグリッド線が引かれ、特定の交点付近に円形の記号が配置されたシンプルな平面図の形式をとっています。左上と右下のタイトル欄に図面番号と名称が記載されています。
201,A017,なし,災害対応手順書_BCP.pdf,94,7,2,0,1,0,BCP|災害対応|事業継続計画|安否確認|データ復旧|代替拠点|危機管理,災害時の事業継続を目的としたBCP（事業継続計画）の模擬文書です。発災直後の初動対応、本社が被災した場合の代替拠点の選定、およびシステムのデータ復旧における優先順位について定義しています。
202,A004,なし,安全衛生委員会議事録_2026年6月.docx,75,6,3,0,1,1,安全衛生委員会|倉庫B|LED照明|ヒヤリハット|総務部|労働安全,2026年6月に開催された安全衛生委員会の議事録です。倉庫Bの照度不足に伴うLED照明への交換計画と、3件のヒヤリハット報告について記載されています。
203,A010,なし,環境施策ロードマップ.pptx,82,7,3,0,0,1,環境施策|ロードマップ|CO2削減|脱炭素|太陽光パネル|電気自動車|カーボンニュートラル,環境施策のロードマップを示した模擬資料です。2030年に向けたCO2排出量削減目標と、太陽光パネル導入や社用車のEV化といった具体的な実施施策がまとめられています。
204,A018,なし,個人情報取扱規程.pdf,80,6,1,0,0,0,個人情報保護|取扱規程|コンプライアンス|基本方針|開示請求|委託先管理,個人情報の取り扱いに関する基本的なルールを定めた模擬文書です。利用目的の制限、本人からの開示請求への対応期限、および外部委託先の監査体制について規定しています。
205,A013,なし,入退室管理規程.pdf,80,6,1,0,0,0,入退室管理規程|セキュリティ|入館カード|来訪者管理|機械室|生体認証,建物や特定エリアへの入退室に関する管理ルールを定めた規程の模擬文書です。カードの管理、来訪者の対応、重要区画である機械室のセキュリティについて記述されています。
206,A022,なし,工場監査報告_ミカド精機_2026.docx,127,7,1,0,1,1,工場監査|ミカド精機株式会社|第2工場|5S活動|トレーサビリティ|是正要求|品質管理,2026年5月20日に実施されたミカド精機株式会社第2工場に対する工場監査の結果をまとめた報告書です。総合評価はBであり、5S活動やトレーサビリティの状態は良好ですが、計測器の校正期限切れと薬品保管庫の施錠記録漏れの2件について是正要求が出されています。
207,A037,なし,品質検査基準書_ミカド精機向け.pdf,48,6,2,0,0,0,ミカド精機|品質検査基準書|抜取検査|AQL1.0|外観基準|受入検査,ミカド精機向け製品の受入および出荷検査における基準を定めた品質検査基準書の模擬ドキュメントです。
